Size,Duration
10,0.00376764
20,0.0173591
30,0.0287054
40,0.0848613
50,0.13094
60,0.171588
70,0.221068
80,0.289593
90,0.347086
100,0.45257