Size,Duration
10,0.00333189
20,0.00956737
30,0.0202439
40,0.0273492
50,0.0891761
60,0.112469
70,0.141043
80,0.18286
90,0.217152
100,0.254027