Size,Duration
10,0.033978
20,0.138493
30,0.309597
40,0.539965
50,0.875146
60,1.18161
70,1.64965
80,2.17219
90,2.84884
100,3.50977