Size,Duration
10,0.0040282
20,0.0101318
30,0.0155875
40,0.0296634
50,0.0773495
60,0.107598
70,0.132133
80,0.174573
90,0.178037
100,0.208372