Size,Duration
10,0.00265812
20,0.00800461
30,0.00993043
40,0.0394494
50,0.0654823
60,0.0811348
70,0.101584
80,0.128923
90,0.174849
100,0.211175