Size,Duration
10,0.0198483
20,0.0956907
30,0.245294
40,0.543911
50,1.33327
60,2.60986
70,5.13157
80,12.2646
90,23.0404
100,54.0257