Size,Duration
10,0.00288748
20,0.0119595
30,0.0265271
40,0.0500811
50,0.103767
60,0.137269
70,0.182283
80,0.230204
90,0.293983
100,0.352868