Size,Duration
10,0.00313569
20,0.0117666
30,0.0196075
40,0.0534731
50,0.094157
60,0.115623
70,0.15517
80,0.190731
90,0.260489
100,0.326983