Size,Duration
10,0.00405877
20,0.00699755
30,0.0131053
40,0.0446945
50,0.0690025
60,0.0923306
70,0.113555
80,0.131062
90,0.182526
100,0.206096