Size,Duration
10,0.0025334
20,0.00881933
30,0.0180652
40,0.028966
50,0.0924501
60,0.114753
70,0.169454
80,0.212228
90,0.256886
100,0.313368